epoch,time,train/box_loss,train/cls_loss,train/dfl_loss,metrics/precision(B),metrics/recall(B),metrics/mAP50(B),metrics/mAP50-95(B),val/box_loss,val/cls_loss,val/dfl_loss,lr/pg0,lr/pg1,lr/pg2
1,11.9177,1.19389,3.44098,1.63834,0.00313,0.5,0.44946,0.34618,1.04495,3.11581,1.15784,0.00015003,0.00015003,0.00015003
2,14.4272,0.78029,2.5168,1.05037,0.00446,0.5,0.4975,0.45494,1.14004,3.0823,0.89534,0.000316711,0.000316711,0.000316711
3,16.8922,0.89222,1.79133,0.99011,0.00498,0.5,0.49559,0.37903,1.48627,3.14448,1.01473,0.000483312,0.000483312,0.000483312
4,19.2349,0.91286,1.36743,0.98229,0.005,0.5,0.4975,0.4455,1.26897,2.67311,0.896,0.000649773,0.000649773,0.000649773
5,21.4646,0.88713,1.22285,1.0294,1,0.44351,0.4975,0.41472,1.31072,2.4981,1.06878,0.000816032,0.000816032,0.000816032
6,23.7743,0.80845,1.05143,0.97425,0.97192,0.38201,0.48279,0.42056,1.22886,2.34212,0.95861,0.000982029,0.000982029,0.000982029
7,26.1667,0.76381,0.96415,0.96575,0.94027,0.48864,0.47305,0.38539,1.17079,2.13128,0.901,0.0011477,0.0011477,0.0011477
8,28.5416,0.79076,1.09332,0.97866,0.99689,0.48864,0.59766,0.34124,1.57159,2.05813,1.68659,0.00131299,0.00131299,0.00131299
9,30.8773,0.81475,0.95371,0.98626,0.94343,0.44318,0.77797,0.3953,1.40314,1.92898,1.29941,0.00147784,0.00147784,0.00147784
10,33.1133,0.78205,0.88127,0.98568,0.91296,0.47727,0.89897,0.28247,1.78415,2.59916,1.95374,0.00164218,0.00164218,0.00164218
11,35.3767,0.76696,0.89168,0.98222,0.68738,0.66101,0.91338,0.50506,1.2125,1.75221,1.13975,0.00165684,0.00165684,0.00165684
12,37.6147,0.79832,0.87628,0.96809,0.69828,0.80235,0.94705,0.61638,0.9968,1.24283,1.00441,0.00165471,0.00165471,0.00165471
13,39.9209,0.76093,0.81024,0.95377,0.80391,0.84508,0.97573,0.61883,1.0864,1.03396,0.93027,0.00165238,0.00165238,0.00165238
14,42.193,0.77031,0.76655,0.96493,0.89482,0.92246,0.95225,0.64456,0.96865,0.82667,0.83045,0.00164986,0.00164986,0.00164986
15,44.5132,0.77065,0.76949,0.98298,0.94248,0.89957,0.95547,0.64648,0.99086,0.79966,0.93389,0.00164713,0.00164713,0.00164713
16,46.8693,0.75219,0.72838,0.96635,0.92605,0.93667,0.95009,0.63524,0.93885,0.76886,0.88615,0.0016442,0.0016442,0.0016442
17,49.033,0.74483,0.71688,0.95238,0.87465,0.94333,0.96442,0.66714,0.95971,0.83261,0.85887,0.00164108,0.00164108,0.00164108
18,51.2956,0.73902,0.724,0.95351,0.85648,0.78333,0.93282,0.55364,1.10943,1.21178,0.88986,0.00163775,0.00163775,0.00163775
19,53.5375,0.70325,0.71352,0.93103,0.86231,0.90081,0.92687,0.57803,1.03438,1.04298,0.86725,0.00163424,0.00163424,0.00163424
20,55.7484,0.70842,0.62337,0.90888,0.8827,0.94716,0.98291,0.68426,0.85832,0.65255,0.85995,0.00163052,0.00163052,0.00163052
21,58.0081,0.65171,0.62633,0.92431,0.9211,0.89569,0.97104,0.69175,0.81485,0.59744,0.81446,0.00162661,0.00162661,0.00162661
22,60.2916,0.68989,0.61915,0.93275,0.92612,0.92581,0.95502,0.6588,0.90929,0.60938,0.81105,0.00162251,0.00162251,0.00162251
23,62.6711,0.66339,0.57498,0.91462,0.96028,0.94063,0.97338,0.70334,0.83535,0.56196,0.80456,0.00161822,0.00161822,0.00161822
24,64.9866,0.6596,0.64959,0.94001,0.9488,0.96694,0.98568,0.74027,0.76431,0.52577,0.77103,0.00161373,0.00161373,0.00161373
25,67.273,0.65604,0.55684,0.92481,0.96646,0.93667,0.97164,0.70143,0.82101,0.58897,0.79493,0.00160905,0.00160905,0.00160905
26,69.5244,0.67877,0.55514,0.92976,0.96594,0.93761,0.96518,0.6821,0.86889,0.61522,0.78607,0.00160419,0.00160419,0.00160419
27,71.7689,0.66148,0.56076,0.93145,0.93148,0.93333,0.97699,0.70399,0.80723,0.64784,0.80964,0.00159913,0.00159913,0.00159913
28,73.9952,0.68366,0.51219,0.93533,0.97037,0.94506,0.96852,0.67106,0.91295,0.56228,1.01361,0.00159389,0.00159389,0.00159389
29,76.4195,0.67794,0.54123,0.95955,0.96174,0.87596,0.96694,0.64226,0.94912,0.64496,0.93308,0.00158847,0.00158847,0.00158847
30,78.6372,0.68055,0.5183,0.96882,0.89362,0.86634,0.97537,0.67707,0.84998,0.91948,0.84773,0.00158286,0.00158286,0.00158286
31,80.8817,0.6278,0.493,0.93705,0.91381,0.92667,0.97244,0.6861,0.89857,0.68064,0.83361,0.00157706,0.00157706,0.00157706
32,83.2424,0.67063,0.50911,0.94495,0.97336,0.96,0.98497,0.73799,0.73862,0.4146,0.77494,0.00157109,0.00157109,0.00157109
33,85.6071,0.64932,0.48643,0.9062,0.96636,0.97333,0.98796,0.73055,0.74877,0.40973,0.79454,0.00156493,0.00156493,0.00156493
34,87.9419,0.65115,0.45946,0.92606,0.97561,0.97288,0.9844,0.71473,0.7596,0.44209,0.79927,0.0015586,0.0015586,0.0015586
35,90.2664,0.63829,0.47444,0.92202,0.96093,0.96667,0.98855,0.73125,0.75058,0.40304,0.79554,0.00155209,0.00155209,0.00155209
36,92.6968,0.61467,0.47757,0.92892,0.98257,0.94333,0.98179,0.71119,0.88601,0.52116,0.87909,0.0015454,0.0015454,0.0015454
37,94.9442,0.60768,0.42909,0.91153,0.95624,0.96,0.98888,0.72691,0.7795,0.45864,0.79563,0.00153854,0.00153854,0.00153854
38,97.2653,0.59259,0.45672,0.90797,0.97421,0.97976,0.99315,0.73586,0.74053,0.45933,0.79282,0.00153151,0.00153151,0.00153151
39,99.5745,0.62826,0.49279,0.92523,0.93886,0.93298,0.97924,0.70055,0.81582,0.48953,0.82049,0.00152431,0.00152431,0.00152431
40,101.822,0.62086,0.47001,0.89795,0.91733,0.96333,0.9806,0.66949,0.88139,0.4822,0.863,0.00151694,0.00151694,0.00151694
41,104.076,0.60998,0.42359,0.89826,0.96923,0.95667,0.98132,0.68988,0.77698,0.49763,0.78622,0.00150941,0.00150941,0.00150941
42,106.34,0.59492,0.41131,0.90981,0.97323,0.96,0.98622,0.75732,0.70466,0.38041,0.75364,0.00150171,0.00150171,0.00150171
43,108.71,0.578,0.40881,0.9205,0.98789,0.96573,0.9881,0.76094,0.69124,0.37774,0.78091,0.00149384,0.00149384,0.00149384
44,110.924,0.61775,0.41158,0.90093,0.98304,0.97704,0.99256,0.74831,0.75703,0.42506,0.80077,0.00148582,0.00148582,0.00148582
45,113.245,0.6025,0.37706,0.88836,0.96935,0.96313,0.98228,0.74547,0.72735,0.39085,0.75538,0.00147764,0.00147764,0.00147764
46,115.465,0.60708,0.42558,0.90616,0.96212,0.96333,0.99031,0.75197,0.69758,0.37106,0.75422,0.0014693,0.0014693,0.0014693
47,117.662,0.58034,0.37041,0.87483,0.97949,0.97174,0.98741,0.76047,0.65611,0.33817,0.74668,0.0014608,0.0014608,0.0014608
48,119.879,0.56494,0.36241,0.88643,0.97365,0.97667,0.9883,0.75188,0.68653,0.32277,0.78652,0.00145215,0.00145215,0.00145215
49,122.142,0.55857,0.36434,0.88806,0.98827,0.96442,0.99323,0.75954,0.68301,0.34463,0.75466,0.00144335,0.00144335,0.00144335
50,124.667,0.56145,0.38229,0.89782,0.98955,0.97667,0.98977,0.75567,0.71256,0.36483,0.78847,0.00143441,0.00143441,0.00143441
51,126.886,0.57054,0.3579,0.89432,0.97467,0.98,0.9913,0.77654,0.68258,0.37032,0.76642,0.00142531,0.00142531,0.00142531
52,129.151,0.60969,0.42834,0.88774,0.97452,0.97824,0.98891,0.76445,0.66756,0.34268,0.74305,0.00141608,0.00141608,0.00141608
53,131.538,0.57909,0.35826,0.88505,0.95397,0.96885,0.98827,0.76484,0.6911,0.33839,0.77422,0.0014067,0.0014067,0.0014067
54,133.755,0.57045,0.35159,0.89889,0.9715,0.98333,0.98945,0.76925,0.6911,0.3433,0.76945,0.00139718,0.00139718,0.00139718
55,136.042,0.56342,0.39229,0.91603,0.9577,0.98589,0.99008,0.72929,0.73424,0.35547,0.76752,0.00138753,0.00138753,0.00138753
56,138.332,0.56805,0.34128,0.88904,0.9809,0.96245,0.98604,0.76599,0.68853,0.31449,0.76225,0.00137774,0.00137774,0.00137774
57,140.736,0.56858,0.35188,0.88361,0.9631,0.97008,0.97927,0.68841,0.82146,0.35071,0.81644,0.00136781,0.00136781,0.00136781
58,143.016,0.59273,0.40292,0.90605,0.98579,0.96,0.99165,0.76766,0.66905,0.36451,0.76362,0.00135776,0.00135776,0.00135776
59,145.242,0.57088,0.35332,0.89711,0.98593,0.95667,0.98407,0.75208,0.73846,0.36304,0.77167,0.00134758,0.00134758,0.00134758
60,147.492,0.55101,0.39609,0.90481,0.97859,0.95333,0.978,0.73911,0.70635,0.363,0.7451,0.00133728,0.00133728,0.00133728
61,149.749,0.56152,0.35127,0.89659,0.95461,0.98333,0.98903,0.78903,0.68414,0.3453,0.75403,0.00132685,0.00132685,0.00132685
62,152.033,0.56271,0.35634,0.88218,0.95925,0.97133,0.98225,0.75645,0.67494,0.30967,0.73569,0.00131631,0.00131631,0.00131631
63,154.216,0.53647,0.3555,0.88631,0.94683,0.98667,0.98679,0.76246,0.66245,0.29636,0.73898,0.00130565,0.00130565,0.00130565
64,156.566,0.53817,0.36325,0.89745,0.97635,0.98667,0.99263,0.77085,0.70582,0.31714,0.78668,0.00129487,0.00129487,0.00129487
65,158.785,0.53968,0.36205,0.87939,0.97799,0.97516,0.9919,0.76417,0.62501,0.29721,0.75066,0.00128398,0.00128398,0.00128398
66,161.032,0.55425,0.34116,0.88609,0.9662,0.97065,0.99276,0.73695,0.78497,0.39457,0.87228,0.00127298,0.00127298,0.00127298
67,163.209,0.53346,0.31352,0.88793,0.97277,0.96672,0.99377,0.77509,0.71805,0.43652,0.80828,0.00126188,0.00126188,0.00126188
68,165.415,0.55704,0.32743,0.87269,0.96303,0.98,0.98943,0.74379,0.86589,0.41837,0.90036,0.00125067,0.00125067,0.00125067
69,167.755,0.5448,0.32644,0.91242,0.97547,0.98,0.98947,0.78009,0.70059,0.32344,0.76821,0.00123936,0.00123936,0.00123936
70,170.14,0.53662,0.30583,0.87385,0.97404,0.98667,0.99281,0.79126,0.66217,0.33479,0.75795,0.00122795,0.00122795,0.00122795
71,172.463,0.58319,0.33495,0.90159,0.9696,0.98667,0.99205,0.76896,0.73346,0.36838,0.7821,0.00121645,0.00121645,0.00121645
72,174.621,0.53388,0.31353,0.87452,0.96755,0.98,0.99282,0.75181,0.82107,0.45821,0.81001,0.00120486,0.00120486,0.00120486
73,176.939,0.5742,0.32718,0.88394,0.97518,0.98674,0.99353,0.76643,0.74999,0.40296,0.78397,0.00119317,0.00119317,0.00119317
74,179.152,0.5122,0.33665,0.88378,0.97533,0.98333,0.99324,0.78888,0.62918,0.29972,0.74804,0.0011814,0.0011814,0.0011814
75,181.54,0.55859,0.31517,0.87463,0.9685,0.98912,0.99296,0.76019,0.63358,0.28243,0.74801,0.00116955,0.00116955,0.00116955
76,183.857,0.54808,0.3093,0.90404,0.98413,0.98228,0.99056,0.78672,0.66239,0.30778,0.76738,0.00115761,0.00115761,0.00115761
77,186.257,0.54575,0.31701,0.86004,0.96804,0.99333,0.99345,0.7566,0.70777,0.3124,0.7749,0.0011456,0.0011456,0.0011456
78,188.546,0.54129,0.31908,0.8808,0.98492,0.97978,0.99316,0.78204,0.64401,0.32129,0.76248,0.00113351,0.00113351,0.00113351
79,190.848,0.53095,0.30453,0.8683,0.98994,0.95,0.98957,0.76659,0.67291,0.31321,0.74825,0.00112135,0.00112135,0.00112135
80,193.177,0.51369,0.30181,0.88919,0.98464,0.98831,0.99337,0.79315,0.65167,0.30649,0.76961,0.00110912,0.00110912,0.00110912
81,195.426,0.5303,0.33845,0.86782,0.9725,0.99,0.99334,0.76939,0.61862,0.2852,0.73396,0.00109683,0.00109683,0.00109683
82,197.87,0.51612,0.3274,0.86589,0.98103,0.99113,0.99395,0.7958,0.60998,0.28923,0.73901,0.00108447,0.00108447,0.00108447
83,200.166,0.48377,0.29235,0.86066,0.98095,0.99,0.99356,0.76727,0.62975,0.27451,0.73815,0.00107205,0.00107205,0.00107205
84,202.753,0.5451,0.30494,0.8767,0.97441,0.97639,0.9928,0.77487,0.65042,0.31129,0.7576,0.00105957,0.00105957,0.00105957
85,205.052,0.52792,0.32634,0.87813,0.97433,0.97994,0.99191,0.77793,0.68177,0.31149,0.77277,0.00104705,0.00104705,0.00104705
86,207.431,0.52413,0.29664,0.86793,0.97131,0.98333,0.9921,0.80223,0.59886,0.27397,0.73929,0.00103447,0.00103447,0.00103447
87,209.74,0.51433,0.31726,0.86777,0.97593,0.99333,0.99344,0.78561,0.6306,0.2945,0.74413,0.00102184,0.00102184,0.00102184
88,212.083,0.48766,0.28643,0.86233,0.97456,0.98667,0.99324,0.80255,0.59155,0.27763,0.73884,0.00100917,0.00100917,0.00100917
89,214.441,0.52538,0.32141,0.87067,0.97216,0.96574,0.99249,0.78316,0.64164,0.29269,0.74362,0.000996456,0.000996456,0.000996456
90,216.834,0.5011,0.29122,0.86484,0.98056,0.98667,0.99395,0.77738,0.62176,0.26028,0.75704,0.000983705,0.000983705,0.000983705
91,219.099,0.48797,0.28707,0.87263,0.98332,0.98,0.99346,0.78902,0.60457,0.26944,0.75256,0.000970919,0.000970919,0.000970919
92,221.414,0.52017,0.30617,0.87083,0.98339,0.98333,0.9937,0.79051,0.60245,0.25515,0.75214,0.000958102,0.000958102,0.000958102
93,223.698,0.49817,0.28722,0.85354,0.98562,0.98,0.99349,0.79329,0.60618,0.26825,0.75092,0.000945256,0.000945256,0.000945256
94,225.992,0.50707,0.26786,0.85727,0.97105,0.98342,0.99349,0.7886,0.6079,0.29323,0.73324,0.000932384,0.000932384,0.000932384
95,228.329,0.51008,0.265,0.86423,0.98572,0.98667,0.99388,0.79166,0.60938,0.28208,0.73614,0.00091949,0.00091949,0.00091949
96,230.597,0.49758,0.30154,0.86617,0.98112,0.98634,0.9942,0.79339,0.5871,0.28139,0.73526,0.000906577,0.000906577,0.000906577
97,233.002,0.48455,0.29005,0.86354,0.98738,0.99333,0.99418,0.79575,0.60428,0.29512,0.76078,0.000893648,0.000893648,0.000893648
98,235.258,0.51937,0.29237,0.86418,0.9879,0.98712,0.9941,0.79449,0.56061,0.25098,0.72002,0.000880706,0.000880706,0.000880706
99,237.472,0.49554,0.28636,0.87011,0.96107,0.98667,0.99402,0.80257,0.58331,0.2626,0.73782,0.000867754,0.000867754,0.000867754
100,239.778,0.49614,0.27012,0.86574,0.98913,0.99,0.994,0.78354,0.65673,0.29849,0.78045,0.000854796,0.000854796,0.000854796
101,242.126,0.52401,0.29614,0.87477,0.98787,0.99,0.99434,0.80085,0.59584,0.27095,0.74671,0.000841835,0.000841835,0.000841835
102,244.506,0.49764,0.26428,0.85772,0.98259,0.98667,0.99342,0.79923,0.58733,0.2699,0.72163,0.000828874,0.000828874,0.000828874
103,246.711,0.47653,0.25348,0.86582,0.97528,0.98667,0.99338,0.80753,0.58311,0.26359,0.73018,0.000815916,0.000815916,0.000815916
104,249.113,0.48438,0.25675,0.86865,0.98223,0.99,0.99421,0.81022,0.5717,0.26159,0.72722,0.000802964,0.000802964,0.000802964
105,251.463,0.50927,0.27108,0.85995,0.97565,0.99,0.9941,0.81816,0.53763,0.24845,0.71151,0.000790022,0.000790022,0.000790022
106,253.764,0.48925,0.27404,0.85318,0.98884,0.9737,0.99346,0.81267,0.59741,0.25305,0.74111,0.000777093,0.000777093,0.000777093
107,256.098,0.50381,0.27604,0.86066,0.98704,0.98,0.99356,0.81583,0.55728,0.25206,0.71835,0.00076418,0.00076418,0.00076418
108,258.379,0.47579,0.28188,0.87758,0.97743,0.98667,0.9934,0.80405,0.60918,0.25795,0.73372,0.000751286,0.000751286,0.000751286
109,260.68,0.4986,0.30833,0.89302,0.98525,0.98387,0.99361,0.81044,0.58397,0.25871,0.73182,0.000738414,0.000738414,0.000738414
110,262.942,0.46967,0.26134,0.86191,0.98241,0.98667,0.9935,0.80063,0.58128,0.25386,0.72236,0.000725568,0.000725568,0.000725568
111,265.409,0.49597,0.27992,0.86692,0.9734,0.98667,0.99369,0.7884,0.59874,0.24801,0.71881,0.000712751,0.000712751,0.000712751
112,267.704,0.49553,0.27564,0.89798,0.98428,0.98333,0.99389,0.79446,0.58998,0.24898,0.7173,0.000699965,0.000699965,0.000699965
113,269.979,0.47673,0.29187,0.85748,0.98569,0.98058,0.99373,0.78659,0.59767,0.24914,0.71484,0.000687214,0.000687214,0.000687214
114,272.343,0.46784,0.25759,0.84972,0.98452,0.98667,0.9938,0.81505,0.5659,0.25121,0.72575,0.000674502,0.000674502,0.000674502
115,274.616,0.44734,0.2656,0.86041,0.98425,0.98667,0.99392,0.80895,0.55024,0.24582,0.71163,0.000661831,0.000661831,0.000661831
116,276.979,0.4823,0.2545,0.84368,0.9812,0.98755,0.99385,0.81254,0.54786,0.23749,0.71439,0.000649204,0.000649204,0.000649204
117,279.336,0.4815,0.27263,0.86719,0.97983,0.99333,0.99378,0.81536,0.53081,0.24133,0.71755,0.000636625,0.000636625,0.000636625
118,281.619,0.44462,0.24466,0.84922,0.97625,0.99,0.99316,0.78872,0.57687,0.24863,0.71215,0.000624096,0.000624096,0.000624096
119,283.84,0.4422,0.24593,0.85913,0.98458,0.99236,0.99396,0.8179,0.53533,0.23988,0.70773,0.000611621,0.000611621,0.000611621
120,286.074,0.45304,0.27209,0.86108,0.96605,0.99247,0.99329,0.80693,0.54762,0.24482,0.71298,0.000599203,0.000599203,0.000599203
121,288.458,0.45624,0.27561,0.86117,0.98816,0.9868,0.99417,0.80566,0.57132,0.2538,0.71727,0.000586845,0.000586845,0.000586845
122,290.83,0.45241,0.25384,0.85713,0.98413,0.98667,0.99415,0.81171,0.56062,0.23968,0.71831,0.00057455,0.00057455,0.00057455
123,293.128,0.46712,0.2397,0.8533,0.97588,0.98667,0.99406,0.81111,0.55603,0.24985,0.71075,0.00056232,0.00056232,0.00056232
124,295.5,0.44359,0.23933,0.8654,0.98364,0.98667,0.99369,0.8113,0.55379,0.24895,0.71702,0.00055016,0.00055016,0.00055016
125,297.797,0.45906,0.28318,0.85794,0.97927,0.98667,0.99359,0.81375,0.55263,0.25952,0.71313,0.000538072,0.000538072,0.000538072
126,300.183,0.45454,0.25526,0.85679,0.9844,0.98498,0.99365,0.81151,0.54591,0.24947,0.70105,0.000526058,0.000526058,0.000526058
127,302.465,0.45286,0.25206,0.87191,0.98723,0.97807,0.99373,0.8099,0.53066,0.23686,0.69952,0.000514122,0.000514122,0.000514122
128,304.879,0.45787,0.24317,0.86289,0.97726,0.98667,0.99373,0.81724,0.55999,0.24365,0.71565,0.000502268,0.000502268,0.000502268
129,307.183,0.46381,0.26477,0.8476,0.98392,0.9859,0.99396,0.81584,0.55387,0.25012,0.71154,0.000490497,0.000490497,0.000490497
130,309.549,0.46601,0.28084,0.84075,0.97487,0.98672,0.99365,0.79691,0.5705,0.24392,0.7123,0.000478813,0.000478813,0.000478813
131,312.016,0.44764,0.25296,0.88891,0.97801,0.99,0.9936,0.81501,0.55514,0.23718,0.71125,0.000467218,0.000467218,0.000467218
132,314.442,0.43084,0.26056,0.83636,0.98143,0.9841,0.99344,0.818,0.53101,0.22205,0.70781,0.000455716,0.000455716,0.000455716
133,316.736,0.43471,0.25014,0.85426,0.97959,0.98333,0.99352,0.80179,0.55826,0.23633,0.71378,0.000444309,0.000444309,0.000444309
134,318.998,0.42522,0.22894,0.85154,0.9813,0.98784,0.99392,0.80683,0.53005,0.22654,0.71575,0.000433,0.000433,0.000433
135,321.235,0.45061,0.24297,0.86067,0.98116,0.9835,0.99364,0.81109,0.58154,0.26544,0.74116,0.000421792,0.000421792,0.000421792
136,323.62,0.46652,0.23771,0.84827,0.98088,0.9915,0.99388,0.79775,0.55082,0.26419,0.72476,0.000410687,0.000410687,0.000410687
137,325.922,0.45567,0.24724,0.8512,0.98581,0.98333,0.99384,0.80043,0.52754,0.2582,0.71772,0.000399689,0.000399689,0.000399689
138,328.179,0.43819,0.23996,0.83897,0.98319,0.98333,0.99382,0.80868,0.55647,0.24753,0.71806,0.000388801,0.000388801,0.000388801
139,330.555,0.43565,0.30281,0.83838,0.98466,0.98495,0.99401,0.81527,0.53486,0.22029,0.71121,0.000378023,0.000378023,0.000378023
140,332.803,0.42836,0.24999,0.84903,0.98205,0.97333,0.99336,0.81995,0.52139,0.21156,0.70937,0.000367361,0.000367361,0.000367361
141,335.109,0.41811,0.28895,0.84291,0.98328,0.98333,0.99334,0.82898,0.50998,0.21482,0.70636,0.000356815,0.000356815,0.000356815
142,337.523,0.39462,0.21785,0.84981,0.98522,0.98333,0.9937,0.824,0.51199,0.21786,0.70524,0.000346389,0.000346389,0.000346389
143,339.786,0.44685,0.24283,0.84008,0.98031,0.98333,0.99354,0.82367,0.51533,0.22122,0.70666,0.000336086,0.000336086,0.000336086
144,342.165,0.41649,0.24181,0.86451,0.9881,0.98333,0.99333,0.82379,0.50829,0.22026,0.70413,0.000325907,0.000325907,0.000325907
145,344.417,0.42736,0.2332,0.85791,0.98163,0.9871,0.99341,0.818,0.5083,0.21247,0.70544,0.000315855,0.000315855,0.000315855
146,346.883,0.42831,0.22092,0.83266,0.98472,0.98468,0.99342,0.81365,0.51679,0.21449,0.70729,0.000305933,0.000305933,0.000305933
147,349.109,0.40998,0.2198,0.8428,0.97414,0.98667,0.99307,0.81422,0.55396,0.22844,0.71438,0.000296144,0.000296144,0.000296144
148,351.387,0.43744,0.23925,0.84621,0.97833,0.98124,0.99344,0.81925,0.55201,0.22783,0.72443,0.000286489,0.000286489,0.000286489
149,353.634,0.42006,0.22717,0.83013,0.97922,0.98667,0.99334,0.81867,0.53023,0.22553,0.72054,0.000276971,0.000276971,0.000276971
150,355.873,0.40962,0.26127,0.83708,0.98196,0.98667,0.99358,0.82013,0.52692,0.22248,0.71869,0.000267592,0.000267592,0.000267592
151,358.131,0.41861,0.22333,0.82964,0.98405,0.98667,0.99367,0.82331,0.52052,0.22474,0.71089,0.000258355,0.000258355,0.000258355
152,360.506,0.39544,0.21273,0.83634,0.98452,0.98667,0.99354,0.8196,0.51662,0.22256,0.70647,0.000249262,0.000249262,0.000249262
153,362.753,0.42018,0.22904,0.85858,0.98483,0.98507,0.99363,0.81333,0.52146,0.21247,0.70464,0.000240316,0.000240316,0.000240316
154,365.021,0.41875,0.21586,0.84027,0.97638,0.98333,0.99332,0.81775,0.51488,0.21865,0.70138,0.000231517,0.000231517,0.000231517
155,367.276,0.40194,0.22132,0.8399,0.98833,0.97629,0.9932,0.82177,0.49749,0.20997,0.69646,0.00022287,0.00022287,0.00022287
156,369.527,0.41002,0.21739,0.84469,0.98486,0.98498,0.99355,0.82205,0.49279,0.2072,0.69594,0.000214375,0.000214375,0.000214375
157,371.869,0.39193,0.21682,0.83232,0.985,0.98399,0.99372,0.82077,0.50272,0.20724,0.69836,0.000206034,0.000206034,0.000206034
158,374.113,0.42398,0.22613,0.86711,0.98506,0.98394,0.99362,0.81952,0.50001,0.20573,0.69626,0.000197851,0.000197851,0.000197851
159,376.407,0.40349,0.22566,0.83739,0.98309,0.98333,0.99364,0.8239,0.49102,0.20821,0.6989,0.000189827,0.000189827,0.000189827
160,378.803,0.39983,0.19578,0.82648,0.9852,0.98333,0.99375,0.81732,0.49446,0.20715,0.69992,0.000181963,0.000181963,0.000181963
161,381.04,0.40225,0.23966,0.85523,0.98491,0.98333,0.99385,0.82383,0.49431,0.20667,0.70083,0.000174262,0.000174262,0.000174262
162,383.408,0.40261,0.2099,0.85627,0.9881,0.98577,0.99406,0.82428,0.49163,0.19952,0.7001,0.000166726,0.000166726,0.000166726
163,385.627,0.4158,0.22558,0.83518,0.98655,0.98333,0.99397,0.82303,0.49856,0.19932,0.70043,0.000159357,0.000159357,0.000159357
164,387.887,0.39218,0.20174,0.83855,0.98702,0.98333,0.99375,0.81826,0.51112,0.20366,0.70392,0.000152156,0.000152156,0.000152156
165,390.211,0.40645,0.2061,0.83901,0.98698,0.98333,0.99381,0.81974,0.51157,0.20771,0.70293,0.000145125,0.000145125,0.000145125
166,392.475,0.37053,0.21167,0.83185,0.98097,0.98,0.99342,0.82454,0.49245,0.2017,0.69461,0.000138266,0.000138266,0.000138266
167,394.88,0.36368,0.26232,0.86788,0.97897,0.98333,0.99367,0.82388,0.48735,0.19774,0.69312,0.000131581,0.000131581,0.000131581
168,397.153,0.39428,0.20321,0.83187,0.98285,0.98333,0.99366,0.82139,0.49271,0.19846,0.69362,0.000125071,0.000125071,0.000125071
169,399.434,0.37878,0.21309,0.84266,0.98026,0.98333,0.99341,0.82286,0.48917,0.20258,0.69454,0.000118737,0.000118737,0.000118737
170,401.653,0.38688,0.23258,0.82988,0.98227,0.98667,0.99374,0.82502,0.48833,0.2046,0.69193,0.000112583,0.000112583,0.000112583
171,403.93,0.37495,0.20492,0.82434,0.97818,0.98825,0.99378,0.82669,0.47822,0.19906,0.69041,0.000106608,0.000106608,0.000106608
172,406.203,0.3844,0.20053,0.84145,0.97774,0.98667,0.99387,0.8231,0.48224,0.19876,0.69229,0.000100814,0.000100814,0.000100814
173,408.562,0.38098,0.20732,0.8467,0.98244,0.98667,0.9939,0.82565,0.47736,0.19587,0.69426,9.52034e-05,9.52034e-05,9.52034e-05
174,410.786,0.38292,0.2123,0.85088,0.98152,0.99,0.99413,0.83084,0.47166,0.18973,0.69273,8.97769e-05,8.97769e-05,8.97769e-05
175,413.051,0.38764,0.21377,0.83698,0.97757,0.99012,0.9941,0.82972,0.47998,0.18975,0.69245,8.4536e-05,8.4536e-05,8.4536e-05
176,415.293,0.39534,0.20382,0.82804,0.98392,0.98667,0.99384,0.82602,0.48745,0.19061,0.6941,7.94819e-05,7.94819e-05,7.94819e-05
177,417.652,0.38804,0.2207,0.86392,0.97753,0.99314,0.99406,0.82665,0.4794,0.19022,0.6926,7.4616e-05,7.4616e-05,7.4616e-05
178,419.909,0.37328,0.18398,0.83466,0.96812,0.99653,0.99394,0.82688,0.4696,0.188,0.69085,6.99393e-05,6.99393e-05,6.99393e-05
179,422.14,0.41547,0.23114,0.83162,0.98461,0.98667,0.99391,0.82455,0.47789,0.19201,0.69072,6.54531e-05,6.54531e-05,6.54531e-05
180,424.504,0.37936,0.24429,0.83854,0.9682,0.99719,0.9939,0.82064,0.49184,0.19654,0.69337,6.11585e-05,6.11585e-05,6.11585e-05
181,426.694,0.37278,0.18767,0.8303,0.96826,0.9972,0.9939,0.82026,0.49381,0.19976,0.69648,5.70564e-05,5.70564e-05,5.70564e-05
182,428.944,0.38097,0.2083,0.84728,0.98439,0.98667,0.99372,0.82691,0.48416,0.19907,0.69837,5.31481e-05,5.31481e-05,5.31481e-05
183,431.222,0.39975,0.20535,0.82286,0.9782,0.98692,0.99406,0.83097,0.48185,0.1951,0.69887,4.94343e-05,4.94343e-05,4.94343e-05
184,433.526,0.3933,0.21398,0.83059,0.98494,0.98667,0.994,0.82956,0.47883,0.19285,0.6975,4.5916e-05,4.5916e-05,4.5916e-05
185,435.863,0.36849,0.19526,0.82548,0.98819,0.98667,0.99388,0.83014,0.47314,0.18924,0.6965,4.25941e-05,4.25941e-05,4.25941e-05
186,438.106,0.37591,0.20711,0.83537,0.98839,0.98617,0.99388,0.826,0.47764,0.18796,0.69668,3.94694e-05,3.94694e-05,3.94694e-05
187,440.441,0.38481,0.19764,0.83437,0.98838,0.98617,0.99367,0.82348,0.48361,0.18985,0.6958,3.65426e-05,3.65426e-05,3.65426e-05
188,442.721,0.38208,0.19505,0.83526,0.98501,0.98533,0.99372,0.82432,0.4807,0.18928,0.69493,3.38146e-05,3.38146e-05,3.38146e-05
189,444.953,0.37929,0.19695,0.83505,0.98501,0.98571,0.99372,0.82384,0.4808,0.19046,0.69411,3.12859e-05,3.12859e-05,3.12859e-05
190,447.212,0.4058,0.20294,0.8323,0.98173,0.98349,0.99363,0.82408,0.4732,0.18953,0.69397,2.89573e-05,2.89573e-05,2.89573e-05
191,450.578,0.47127,0.27038,0.79371,0.98651,0.98333,0.99365,0.82499,0.47491,0.1885,0.6948,2.68292e-05,2.68292e-05,2.68292e-05
192,452.758,0.45102,0.29643,0.77649,0.98847,0.97653,0.99332,0.82407,0.4733,0.18993,0.69755,2.49021e-05,2.49021e-05,2.49021e-05
193,454.978,0.45216,0.26815,0.7788,0.98834,0.97598,0.9934,0.82142,0.47389,0.19071,0.69868,2.31767e-05,2.31767e-05,2.31767e-05
194,457.46,0.47586,0.23877,0.78137,0.98791,0.97576,0.99327,0.82147,0.47495,0.19373,0.70264,2.16532e-05,2.16532e-05,2.16532e-05
195,459.675,0.46437,0.24063,0.76171,0.98372,0.98333,0.9932,0.8201,0.47996,0.20108,0.7023,2.03321e-05,2.03321e-05,2.03321e-05
196,462.002,0.44795,0.23068,0.77119,0.9837,0.97863,0.99339,0.82287,0.4789,0.20456,0.70163,1.92137e-05,1.92137e-05,1.92137e-05
197,464.205,0.43954,0.23796,0.79467,0.98354,0.97955,0.99345,0.82119,0.48104,0.20336,0.70165,1.82983e-05,1.82983e-05,1.82983e-05
198,466.471,0.43559,0.21012,0.77867,0.98193,0.98333,0.99342,0.82185,0.48003,0.20443,0.70177,1.7586e-05,1.7586e-05,1.7586e-05
199,468.699,0.49008,0.29778,0.766,0.98149,0.98333,0.99317,0.82505,0.48009,0.20545,0.70258,1.70772e-05,1.70772e-05,1.70772e-05
200,471.15,0.44801,0.25165,0.77092,0.98358,0.98571,0.99303,0.82147,0.48574,0.20599,0.70344,1.67718e-05,1.67718e-05,1.67718e-05
